<?xml version='1.0' encoding='UTF-8'?>
<?artifactRepository version='1.1.0'?>
<repository name='Bundle pool' type='org.eclipse.equinox.p2.artifact.repository.simpleRepository' version='1'>
  <properties size='2'>
    <property name='p2.system' value='true'/>
    <property name='p2.timestamp' value='1556779682929'/>
  </properties>
  <mappings size='3'>
    <rule filter='(&amp; (classifier=osgi.bundle))' output='${repoUrl}/plugins/${id}_${version}.jar'/>
    <rule filter='(&amp; (classifier=binary))' output='${repoUrl}/binary/${id}_${version}'/>
    <rule filter='(&amp; (classifier=org.eclipse.update.feature))' output='${repoUrl}/features/${id}_${version}.jar'/>
  </mappings>
  <artifacts size='42'>
    <artifact classifier='osgi.bundle' id='org.eclipse.equinox.http.servlet' version='1.1.500.v20140318-1755'>
      <properties size='1'>
        <property name='download.size' value='44976'/>
      </properties>
    </artifact>
    <artifact classifier='osgi.bundle' id='org.eclipse.om2m.core' version='1.1.0.20190502-0647'>
      <properties size='1'>
        <property name='download.size' value='259260'/>
      </properties>
    </artifact>
    <artifact classifier='osgi.bundle' id='javax.xml' version='1.3.4.v201005080400'>
      <properties size='1'>
        <property name='download.size' value='237996'/>
      </properties>
    </artifact>
    <artifact classifier='osgi.bundle' id='org.eclipse.jetty.servlet' version='8.1.16.v20140903'>
      <properties size='1'>
        <property name='download.size' value='109216'/>
      </properties>
    </artifact>
    <artifact classifier='osgi.bundle' id='org.eclipse.om2m.persistence.service' version='1.1.0.20190502-0647'>
      <properties size='1'>
        <property name='download.size' value='7748'/>
      </properties>
    </artifact>
    <artifact classifier='osgi.bundle' id='org.eclipse.equinox.event' version='1.3.100.v20140115-1647'>
      <properties size='1'>
        <property name='download.size' value='32352'/>
      </properties>
    </artifact>
    <artifact classifier='osgi.bundle' id='org.eclipse.jetty.io' version='8.1.16.v20140903'>
      <properties size='1'>
        <property name='download.size' value='114881'/>
      </properties>
    </artifact>
    <artifact classifier='osgi.bundle' id='org.eclipse.om2m.commons.logging' version='1.1.0.20190502-0647'>
      <properties size='1'>
        <property name='download.size' value='354332'/>
      </properties>
    </artifact>
    <artifact classifier='osgi.bundle' id='org.eclipse.equinox.ds' version='1.4.200.v20131126-2331'>
      <properties size='1'>
        <property name='download.size' value='194802'/>
      </properties>
    </artifact>
    <artifact classifier='osgi.bundle' id='org.eclipse.jetty.http' version='8.1.16.v20140903'>
      <properties size='1'>
        <property name='download.size' value='103897'/>
      </properties>
    </artifact>
    <artifact classifier='osgi.bundle' id='org.eclipse.om2m.persistence.mongodb' version='1.1.0.20190502-0647'>
      <properties size='1'>
        <property name='download.size' value='1744840'/>
      </properties>
    </artifact>
    <artifact classifier='osgi.bundle' id='org.eclipse.jetty.continuation' version='8.1.16.v20140903'>
      <properties size='1'>
        <property name='download.size' value='27556'/>
      </properties>
    </artifact>
    <artifact classifier='osgi.bundle' id='org.eclipse.osgi' version='3.10.2.v20150203-1939'>
      <properties size='1'>
        <property name='download.size' value='1265319'/>
      </properties>
    </artifact>
    <artifact classifier='osgi.bundle' id='org.eclipse.om2m.commons' version='1.1.0.20190502-0647'>
      <properties size='1'>
        <property name='download.size' value='953213'/>
      </properties>
    </artifact>
    <artifact classifier='osgi.bundle' id='org.apache.felix.gogo.runtime' version='0.10.0.v201209301036'>
      <properties size='1'>
        <property name='download.size' value='80249'/>
      </properties>
    </artifact>
    <artifact classifier='osgi.bundle' id='org.eclipse.jetty.server' version='8.1.16.v20140903'>
      <properties size='1'>
        <property name='download.size' value='372909'/>
      </properties>
    </artifact>
    <artifact classifier='osgi.bundle' id='org.eclipse.jetty.util' version='8.1.16.v20140903'>
      <properties size='1'>
        <property name='download.size' value='301767'/>
      </properties>
    </artifact>
    <artifact classifier='osgi.bundle' id='org.apache.commons.codec' version='1.6.0.v201305230611'>
      <properties size='1'>
        <property name='download.size' value='258015'/>
      </properties>
    </artifact>
    <artifact classifier='osgi.bundle' id='org.apache.commons.logging' version='1.1.1.v201101211721'>
      <properties size='1'>
        <property name='download.size' value='74239'/>
      </properties>
    </artifact>
    <artifact classifier='osgi.bundle' id='org.eclipse.osgi.services' version='3.4.0.v20140312-2051'>
      <properties size='1'>
        <property name='download.size' value='90686'/>
      </properties>
    </artifact>
    <artifact classifier='osgi.bundle' id='org.eclipse.om2m.ipe.smart_twin' version='1.1.0.20190502-0647'>
      <properties size='1'>
        <property name='download.size' value='57909'/>
      </properties>
    </artifact>
    <artifact classifier='osgi.bundle' id='org.eclipse.om2m.webapp.resourcesbrowser.json' version='1.1.0.20190502-0647'>
      <properties size='1'>
        <property name='download.size' value='156897'/>
      </properties>
    </artifact>
    <artifact classifier='osgi.bundle' id='org.apache.felix.gogo.command' version='0.10.0.v201209301215'>
      <properties size='1'>
        <property name='download.size' value='57646'/>
      </properties>
    </artifact>
    <artifact classifier='osgi.bundle' id='org.eclipse.om2m.binding.service' version='1.1.0.20190502-0647'>
      <properties size='1'>
        <property name='download.size' value='3120'/>
      </properties>
    </artifact>
    <artifact classifier='osgi.bundle' id='org.eclipse.equinox.console' version='1.1.0.v20140131-1639'>
      <properties size='1'>
        <property name='download.size' value='118678'/>
      </properties>
    </artifact>
    <artifact classifier='osgi.bundle' id='org.eclipse.jetty.security' version='8.1.16.v20140903'>
      <properties size='1'>
        <property name='download.size' value='98905'/>
      </properties>
    </artifact>
    <artifact classifier='osgi.bundle' id='org.eclipse.om2m.binding.coap' version='1.1.0.20190502-0647'>
      <properties size='1'>
        <property name='download.size' value='215059'/>
      </properties>
    </artifact>
    <artifact classifier='osgi.bundle' id='javax.servlet' version='3.1.0.v201410161800'>
      <properties size='1'>
        <property name='download.size' value='105237'/>
      </properties>
    </artifact>
    <artifact classifier='osgi.bundle' id='org.apache.felix.gogo.shell' version='0.10.0.v201212101605'>
      <properties size='1'>
        <property name='download.size' value='60827'/>
      </properties>
    </artifact>
    <artifact classifier='osgi.bundle' id='org.eclipse.equinox.http.jetty' version='3.0.200.v20131021-1843'>
      <properties size='1'>
        <property name='download.size' value='25190'/>
      </properties>
    </artifact>
    <artifact classifier='osgi.bundle' id='org.eclipse.om2m.core.service' version='1.1.0.20190502-0647'>
      <properties size='1'>
        <property name='download.size' value='3628'/>
      </properties>
    </artifact>
    <artifact classifier='osgi.bundle' id='org.eclipse.om2m.interworking.service' version='1.1.0.20190502-0647'>
      <properties size='1'>
        <property name='download.size' value='3204'/>
      </properties>
    </artifact>
    <artifact classifier='osgi.bundle' id='org.eclipse.om2m.binding.http' version='1.1.0.20190502-0647'>
      <properties size='1'>
        <property name='download.size' value='23800'/>
      </properties>
    </artifact>
    <artifact classifier='osgi.bundle' id='org.apache.httpcomponents.httpclient' version='4.3.6.v201511171540'>
      <properties size='1'>
        <property name='download.size' value='864566'/>
      </properties>
    </artifact>
    <artifact classifier='osgi.bundle' id='org.eclipse.equinox.launcher' version='1.3.0.v20140415-2008'>
      <properties size='1'>
        <property name='download.size' value='50200'/>
      </properties>
    </artifact>
    <artifact classifier='osgi.bundle' id='org.eclipse.om2m.datamapping.service' version='1.1.0.20190502-0647'>
      <properties size='1'>
        <property name='download.size' value='3183'/>
      </properties>
    </artifact>
    <artifact classifier='osgi.bundle' id='org.eclipse.om2m.flexcontainer.service' version='1.1.0.20190502-0647'>
      <properties size='1'>
        <property name='download.size' value='3343'/>
      </properties>
    </artifact>
    <artifact classifier='osgi.bundle' id='org.eclipse.equinox.cm' version='1.1.0.v20131021-1936'>
      <properties size='1'>
        <property name='download.size' value='72865'/>
      </properties>
    </artifact>
    <artifact classifier='osgi.bundle' id='org.eclipse.om2m.datamapping.jaxb' version='1.1.0.20190502-0647'>
      <properties size='1'>
        <property name='download.size' value='7934459'/>
      </properties>
    </artifact>
    <artifact classifier='osgi.bundle' id='org.eclipse.equinox.util' version='1.0.500.v20130404-1337'>
      <properties size='1'>
        <property name='download.size' value='77932'/>
      </properties>
    </artifact>
    <artifact classifier='osgi.bundle' id='org.eclipse.om2m.persistence.eclipselink' version='1.1.0.20190502-0647'>
      <properties size='1'>
        <property name='download.size' value='9614741'/>
      </properties>
    </artifact>
    <artifact classifier='osgi.bundle' id='org.apache.httpcomponents.httpcore' version='4.3.3.v201411290715'>
      <properties size='1'>
        <property name='download.size' value='318633'/>
      </properties>
    </artifact>
  </artifacts>
</repository>
